date,unemployment,cpi,ppi,country
2000-01-31,4.0,169.3,128.3,US
2000-02-29,4.1,170.0,129.8,US
2000-03-31,4.0,171.0,130.8,US
2000-04-30,3.8,170.9,130.7,US
2000-05-31,4.0,171.2,131.6,US
2000-06-30,4.0,172.2,133.8,US
2000-07-31,4.0,172.7,133.7,US
2000-08-31,4.1,172.7,132.9,US
2000-09-30,3.9,173.6,134.7,US
2000-10-31,3.9,173.9,135.4,US
2000-11-30,3.9,174.2,135.0,US
2000-12-31,3.9,174.6,136.2,US
2001-01-31,4.2,175.6,140.0,US
2001-02-28,4.2,176.0,137.4,US
2001-03-31,4.3,176.1,135.9,US
2001-04-30,4.4,176.4,136.4,US
2001-05-31,4.3,177.3,136.8,US
2001-06-30,4.5,177.7,135.5,US
2001-07-31,4.6,177.4,133.4,US
2001-08-31,4.9,177.4,133.4,US
2001-09-30,5.0,178.1,133.3,US
2001-10-31,5.3,177.6,130.3,US
2001-11-30,5.5,177.5,129.8,US
2001-12-31,5.7,177.4,128.1,US
2002-01-31,5.7,177.7,128.5,US
2002-02-28,5.7,178.0,128.4,US
2002-03-31,5.7,178.5,129.8,US
2002-04-30,5.9,179.3,130.8,US
2002-05-31,5.8,179.5,130.8,US
2002-06-30,5.8,179.6,130.9,US
2002-07-31,5.8,180.0,131.2,US
2002-08-31,5.7,180.5,131.5,US
2002-09-30,5.7,180.8,132.3,US
2002-10-31,5.7,181.2,133.2,US
2002-11-30,5.9,181.5,133.1,US
2002-12-31,6.0,181.8,132.9,US
2003-01-31,5.8,182.6,135.3,US
2003-02-28,5.9,183.6,137.6,US
2003-03-31,5.9,183.9,141.2,US
2003-04-30,6.0,183.2,136.8,US
2003-05-31,6.1,182.9,136.7,US
2003-06-30,6.3,183.1,138.0,US
2003-07-31,6.2,183.7,137.7,US
2003-08-31,6.1,184.5,138.0,US
2003-09-30,6.1,185.1,138.5,US
2003-10-31,6.0,184.9,139.3,US
2003-11-30,5.8,185.0,138.9,US
2003-12-31,5.7,185.5,139.5,US
2004-01-31,5.7,186.3,141.4,US
2004-02-29,5.6,186.7,142.1,US
2004-03-31,5.8,187.1,143.1,US
2004-04-30,5.6,187.4,144.8,US
2004-05-31,5.6,188.2,146.8,US
2004-06-30,5.6,188.9,147.2,US
2004-07-31,5.5,189.1,147.4,US
2004-08-31,5.4,189.2,148.0,US
2004-09-30,5.4,189.8,147.7,US
2004-10-31,5.5,190.8,150.0,US
2004-11-30,5.4,191.7,151.4,US
2004-12-31,5.4,191.7,150.2,US
2005-01-31,5.3,191.6,150.9,US
2005-02-28,5.4,192.4,151.6,US
2005-03-31,5.2,193.1,153.7,US
2005-04-30,5.2,193.7,155.0,US
2005-05-31,5.1,193.6,154.3,US
2005-06-30,5.0,193.7,154.3,US
2005-07-31,5.0,194.9,156.3,US
2005-08-31,4.9,196.1,157.6,US
2005-09-30,5.0,198.8,162.2,US
2005-10-31,5.0,199.1,166.2,US
2005-11-30,5.0,198.1,163.7,US
2005-12-31,4.9,198.1,163.0,US
2006-01-31,4.7,199.3,164.3,US
2006-02-28,4.8,199.4,161.8,US
2006-03-31,4.7,199.7,162.2,US
2006-04-30,4.7,200.7,164.3,US
2006-05-31,4.6,201.3,165.8,US
2006-06-30,4.6,201.8,166.1,US
2006-07-31,4.7,202.9,166.8,US
2006-08-31,4.7,203.8,167.9,US
2006-09-30,4.5,202.8,165.4,US
2006-10-31,4.4,201.9,162.2,US
2006-11-30,4.5,202.0,164.6,US
2006-12-31,4.4,203.1,165.6,US
2007-01-31,4.6,203.437,164.0,US
2007-02-28,4.5,204.226,166.8,US
2007-03-31,4.4,205.288,169.3,US
2007-04-30,4.5,205.904,171.4,US
2007-05-31,4.4,206.755,173.3,US
2007-06-30,4.6,207.234,173.8,US
2007-07-31,4.7,207.603,175.1,US
2007-08-31,4.6,207.667,172.4,US
2007-09-30,4.7,208.547,173.5,US
2007-10-31,4.7,209.19,174.7,US
2007-11-30,4.7,210.834,179.0,US
2007-12-31,5.0,211.445,178.6,US
2008-01-31,5.0,212.174,181.0,US
2008-02-29,4.9,212.687,182.7,US
2008-03-31,5.1,213.448,187.9,US
2008-04-30,5.0,213.942,190.9,US
2008-05-31,5.4,215.208,196.6,US
2008-06-30,5.6,217.463,200.5,US
2008-07-31,5.8,219.016,205.5,US
2008-08-31,6.1,218.69,199.0,US
2008-09-30,6.1,218.877,196.9,US
2008-10-31,6.5,216.995,186.4,US
2008-11-30,6.8,213.153,176.8,US
2008-12-31,7.3,211.398,170.9,US
2009-01-31,7.8,211.933,171.2,US
2009-02-28,8.3,212.705,169.3,US
2009-03-31,8.7,212.495,168.1,US
2009-04-30,9.0,212.709,169.1,US
2009-05-31,9.4,213.022,170.8,US
2009-06-30,9.5,214.79,174.1,US
2009-07-31,9.5,214.726,172.5,US
2009-08-31,9.6,215.445,175.0,US
2009-09-30,9.8,215.861,174.1,US
2009-10-31,10.0,216.509,175.2,US
2009-11-30,9.9,217.234,177.4,US
2009-12-31,9.9,217.347,178.1,US
2010-01-31,9.8,217.488,181.9,US
2010-02-28,9.8,217.281,181.0,US
2010-03-31,9.9,217.353,183.3,US
2010-04-30,9.9,217.403,184.4,US
2010-05-31,9.6,217.29,184.8,US
2010-06-30,9.4,217.199,183.5,US
2010-07-31,9.4,217.605,184.1,US
2010-08-31,9.5,217.923,184.9,US
2010-09-30,9.5,218.275,184.9,US
2010-10-31,9.4,219.035,186.6,US
2010-11-30,9.8,219.59,187.7,US
2010-12-31,9.3,220.472,189.7,US
2011-01-31,9.1,221.187,192.7,US
2011-02-28,9.0,221.898,195.8,US
2011-03-31,9.0,223.046,199.2,US
2011-04-30,9.1,224.093,203.1,US
2011-05-31,9.0,224.806,204.1,US
2011-06-30,9.1,224.806,203.9,US
2011-07-31,9.0,225.395,204.6,US
2011-08-31,9.0,226.106,203.2,US
2011-09-30,9.0,226.597,203.7,US
2011-10-31,8.8,226.75,201.1,US
2011-11-30,8.6,227.169,201.4,US
2011-12-31,8.5,227.223,199.8,US
2012-01-31,8.3,227.842,200.7,US
2012-02-29,8.3,228.329,201.6,US
2012-03-31,8.2,228.807,204.2,US
2012-04-30,8.2,229.187,203.7,US
2012-05-31,8.2,228.713,201.9,US
2012-06-30,8.2,228.524,199.8,US
2012-07-31,8.2,228.59,200.1,US
2012-08-31,8.1,229.918,202.7,US
2012-09-30,7.8,231.015,204.4,US
2012-10-31,7.8,231.638,203.5,US
2012-11-30,7.7,231.249,201.8,US
2012-12-31,7.9,231.221,201.5,US
2013-01-31,8.0,231.679,202.5,US
2013-02-28,7.7,232.937,204.3,US
2013-03-31,7.5,232.282,204.0,US
2013-04-30,7.6,231.797,203.5,US
2013-05-31,7.5,231.893,204.1,US
2013-06-30,7.5,232.445,204.3,US
2013-07-31,7.3,232.9,204.4,US
2013-08-31,7.2,233.456,204.2,US
2013-09-30,7.2,233.544,203.9,US
2013-10-31,7.2,233.669,202.5,US
2013-11-30,6.9,234.1,201.2,US
2013-12-31,6.7,234.719,202.0,US
2014-01-31,6.6,235.288,203.8,US
2014-02-28,6.7,235.547,205.7,US
2014-03-31,6.7,236.028,207.0,US
2014-04-30,6.2,236.468,208.3,US
2014-05-31,6.3,236.918,208.0,US
2014-06-30,6.1,237.231,208.3,US
2014-07-31,6.2,237.498,208.0,US
2014-08-31,6.1,237.46,207.0,US
2014-09-30,5.9,237.477,206.4,US
2014-10-31,5.7,237.43,203.4,US
2014-11-30,5.8,236.983,200.9,US
2014-12-31,5.6,236.252,197.0,US
2015-01-31,5.7,234.747,192.0,US
2015-02-28,5.5,235.342,191.1,US
2015-03-31,5.4,235.976,191.5,US
2015-04-30,5.4,236.222,190.9,US
2015-05-31,5.6,237.001,193.4,US
2015-06-30,5.3,237.657,194.8,US
2015-07-31,5.2,238.034,193.9,US
2015-08-31,5.1,238.033,191.9,US
2015-09-30,5.0,237.498,189.1,US
2015-10-31,5.0,237.733,187.5,US
2015-11-30,5.1,238.017,185.7,US
2015-12-31,5.0,237.761,183.5,US
2016-01-31,4.8,237.652,182.6,US
2016-02-29,4.9,237.336,181.3,US
2016-03-31,5.0,238.08,182.1,US
2016-04-30,5.1,238.992,183.2,US
2016-05-31,4.8,239.557,185.3,US
2016-06-30,4.9,240.222,187.6,US
2016-07-31,4.8,240.101,187.7,US
2016-08-31,4.9,240.545,186.6,US
2016-09-30,5.0,241.176,186.9,US
2016-10-31,4.9,241.741,186.7,US
2016-11-30,4.7,242.026,186.3,US
2016-12-31,4.7,242.637,188.2,US
2017-01-31,4.7,243.618,190.7,US
2017-02-28,4.6,244.006,191.6,US
2017-03-31,4.4,243.892,191.5,US
2017-04-30,4.4,244.193,193.0,US
2017-05-31,4.4,244.004,192.8,US
2017-06-30,4.3,244.163,193.6,US
2017-07-31,4.3,244.243,193.5,US
2017-08-31,4.4,245.183,193.8,US
2017-09-30,4.3,246.435,194.8,US
2017-10-31,4.2,246.626,194.9,US
2017-11-30,4.2,247.284,195.9,US
2017-12-31,4.1,247.805,196.3,US
2018-01-31,4.0,248.859,197.9,US
2018-02-28,4.1,249.529,199.3,US
2018-03-31,4.0,249.577,199.3,US
2018-04-30,4.0,250.227,200.3,US
2018-05-31,3.8,250.792,203.2,US
2018-06-30,4.0,251.018,204.2,US
2018-07-31,3.8,251.214,204.3,US
2018-08-31,3.8,251.663,203.4,US
2018-09-30,3.7,252.182,203.6,US
2018-10-31,3.8,252.772,204.6,US
2018-11-30,3.8,252.594,202.3,US
2018-12-31,3.9,252.767,201.0,US
2019-01-31,4.0,252.561,199.1,US
2019-02-28,3.8,253.319,199.2,US
2019-03-31,3.8,254.277,200.8,US
2019-04-30,3.7,255.233,202.1,US
2019-05-31,3.6,255.296,201.7,US
2019-06-30,3.6,255.213,200.3,US
2019-07-31,3.7,255.802,200.7,US
2019-08-31,3.6,256.036,199.2,US
2019-09-30,3.5,256.43,198.4,US
2019-10-31,3.6,257.155,198.6,US
2019-11-30,3.6,257.879,199.0,US
2019-12-31,3.6,258.63,199.0,US
2020-01-31,3.6,259.127,199.3,US
2020-02-29,3.5,259.25,196.7,US
2020-03-31,4.4,258.076,193.1,US
2020-04-30,14.8,256.032,185.5,US
2020-05-31,13.2,255.802,188.6,US
2020-06-30,11.0,257.042,191.2,US
2020-07-31,10.2,258.352,193.0,US
2020-08-31,8.4,259.316,194.3,US
2020-09-30,7.8,259.997,195.5,US
2020-10-31,6.9,260.319,196.5,US
2020-11-30,6.7,260.911,198.3,US
2020-12-31,6.7,262.045,200.5,US
2021-01-31,6.4,262.687,204.8,US
2021-02-28,6.2,263.579,210.6,US
2021-03-31,6.1,264.961,215.0,US
2021-04-30,6.1,266.614,217.9,US
2021-05-31,5.8,268.383,224.9,US
2021-06-30,5.9,270.654,228.9,US
2021-07-31,5.4,271.903,231.85,US
2021-08-31,5.1,272.676,233.415,US
2021-09-30,4.7,273.91,235.678,US
2021-10-31,4.5,276.55,240.465,US
2021-11-30,4.1,278.919,243.287,US
2021-12-31,3.9,280.845,241.338,US
2022-01-31,4.0,282.543,246.453,US
2022-02-28,3.9,284.5,252.66,US
2022-03-31,3.7,287.674,260.014,US
2022-04-30,3.7,288.561,265.31,US
2022-05-31,3.6,291.298,273.251,US
2022-06-30,3.6,294.957,280.251,US
2022-07-31,3.5,294.913,272.274,US
2022-08-31,3.6,295.097,269.546,US
2022-09-30,3.5,296.349,267.898,US
2022-10-31,3.6,298.007,265.061,US
2022-11-30,3.6,298.786,263.157,US
2022-12-31,3.5,298.832,257.897,US
2023-01-31,3.5,300.42,260.227,US
2023-02-28,3.6,301.45,258.669,US
2023-03-31,3.5,301.821,257.062,US
2023-04-30,3.4,302.845,256.908,US
2023-05-31,3.6,303.334,253.67,US
2023-06-30,3.6,304.014,253.86,US
2023-07-31,3.5,304.609,253.835,US
2023-08-31,3.7,306.082,257.68,US
2023-09-30,3.7,307.276,258.934,US
2023-10-31,3.9,307.696,255.192,US
2023-11-30,3.7,308.148,252.856,US
2023-12-31,3.8,308.741,249.866,US
2024-01-31,3.7,309.698,251.306,US
2000-01-31,6.8,75.2652298658838,,CA
2000-02-29,6.8,75.8257156202042,,CA
2000-03-31,6.8,76.1459931941016,,CA
2000-04-30,6.8,75.9057850136785,,CA
2000-05-31,6.7,76.3061319810502,,CA
2000-06-30,6.8,77.0267565223194,,CA
2000-07-31,6.8,77.0267565223194,,CA
2000-08-31,7.1,76.946687128845,,CA
2000-09-30,7.0,77.186895309268,,CA
2000-10-31,7.1,77.2669647027424,,CA
2000-11-30,7.0,77.3470340962167,,CA
2000-12-31,6.9,77.4271034896911,,CA
2001-01-31,6.9,77.5071728831654,,CA
2001-02-28,7.0,77.9075198505371,,CA
2001-03-31,7.2,78.0676586374858,,CA
2001-04-30,7.2,78.7882831787549,,CA
2001-05-31,7.0,79.1085607526523,,CA
2001-06-30,7.2,78.7082137852806,,CA
2001-07-31,7.2,78.7882831787549,,CA
2001-08-31,7.3,78.8683525722292,,CA
2001-09-30,7.2,78.7882831787549,,CA
2001-10-31,7.3,78.4680056048575,,CA
2001-11-30,7.5,78.3078668179089,,CA
2001-12-31,8.1,78.5480749983319,,CA
2002-01-31,8.2,78.5480749983319,,CA
2002-02-28,8.0,79.1886301461266,,CA
2002-03-31,8.0,79.268699539601,,CA
2002-04-30,7.8,79.6690465069727,,CA
2002-05-31,7.8,79.508907720024,,CA
2002-06-30,7.7,79.9092546873958,,CA
2002-07-31,7.7,80.5498098351905,,CA
2002-08-31,7.5,80.6298792286648,,CA
2002-09-30,7.6,80.5498098351905,,CA
2002-10-31,7.6,80.8700874090879,,CA
2002-11-30,7.6,81.0302261960366,,CA
2002-12-31,7.6,81.1102955895109,,CA
2003-01-31,7.5,81.5106425568826,,CA
2003-02-28,7.5,82.3914058851004,,CA
2003-03-31,7.5,82.4714752785748,,CA
2003-04-30,7.7,81.83092013078,,CA
2003-05-31,7.9,81.9109895242543,,CA
2003-06-30,7.7,81.7508507373056,,CA
2003-07-31,7.8,81.9109895242543,,CA
2003-08-31,7.9,81.9910589177287,,CA
2003-09-30,7.9,81.9109895242543,,CA
2003-10-31,7.6,81.9109895242543,,CA
2003-11-30,7.5,82.1511977046774,,CA
2003-12-31,7.4,82.1511977046774,,CA
2004-01-31,7.4,82.5515446720491,,CA
2004-02-29,7.4,82.8718222459465,,CA
2004-03-31,7.4,83.0319610328952,,CA
2004-04-30,7.3,83.0319610328952,,CA
2004-05-31,7.2,83.7525855741643,,CA
2004-06-30,7.3,83.7525855741643,,CA
2004-07-31,7.1,83.5924467872156,,CA
2004-08-31,7.1,83.5924467872156,,CA
2004-09-30,7.0,83.8326549676386,,CA
2004-10-31,7.1,84.3130713284847,,CA
2004-11-30,7.3,84.3130713284847,,CA
2004-12-31,7.2,84.152932541536,,CA
2005-01-31,7.0,84.152932541536,,CA
2005-02-28,7.1,84.393140721959,,CA
2005-03-31,7.0,85.0336958697538,,CA
2005-04-30,6.8,85.0336958697538,,CA
2005-05-31,7.0,85.1938346567025,,CA
2005-06-30,6.9,85.4340428371255,,CA
2005-07-31,6.8,85.5141122305999,,CA
2005-08-31,6.8,85.9144591979716,,CA
2005-09-30,6.8,86.6350837392407,,CA
2005-10-31,6.8,86.0745979849203,,CA
2005-11-30,6.4,86.0745979849203,,CA
2005-12-31,6.6,85.9144591979716,,CA
2006-01-31,6.8,86.3948755588176,,CA
2006-02-28,6.6,86.3948755588176,,CA
2006-03-31,6.5,86.6350837392407,,CA
2006-04-30,6.5,87.1955694935611,,CA
2006-05-31,6.3,87.2756388870354,,CA
2006-06-30,6.3,87.1155001000868,,CA
2006-07-31,6.6,87.1955694935611,,CA
2006-08-31,6.5,87.1955694935611,,CA
2006-09-30,6.5,86.7952225261894,,CA
2006-10-31,6.4,86.9553613131381,,CA
2006-11-30,6.6,87.0354307066124,,CA
2006-12-31,6.4,86.9553613131381,,CA
2007-01-31,6.4,87.0354307066124,,CA
2007-02-28,6.3,87.6759858544071,,CA
2007-03-31,6.3,88.3165410022019,,CA
2007-04-30,6.3,88.4766797891506,,CA
2007-05-31,6.2,88.7168879695736,,CA
2007-06-30,6.2,88.4766797891506,,CA
2007-07-31,6.1,88.4766797891506,,CA
2007-08-31,6.0,88.0763328217789,,CA
2007-09-30,6.2,88.3966103956762,,CA
2007-10-31,6.1,88.3966103956762,,CA
2007-11-30,6.2,88.6368185760993,,CA
2007-12-31,6.2,88.8770267565223,,CA
2008-01-31,6.1,88.7168879695736,,CA
2008-02-29,6.1,89.1172349369454,,CA
2008-03-31,6.1,89.277373723894,,CA
2008-04-30,6.2,89.8378594782145,,CA
2008-05-31,6.2,90.7986921999066,,CA
2008-06-30,6.3,91.118969773804,,CA
2008-07-31,6.2,91.1990391672783,,CA
2008-08-31,6.2,90.7186228064322,,CA
2008-09-30,6.5,91.118969773804,,CA
2008-10-31,6.6,90.3983452325349,,CA
2008-11-30,6.8,89.9979982651631,,CA
2008-12-31,7.1,89.5175819043171,,CA
2009-01-31,7.7,89.4375125108427,,CA
2009-02-28,8.3,89.9979982651631,,CA
2009-03-31,8.6,90.2382064455862,,CA
2009-04-30,8.6,90.3983452325349,,CA
2009-05-31,8.8,91.1990391672783,,CA
2009-06-30,8.8,91.5193167411757,,CA
2009-07-31,8.9,91.118969773804,,CA
2009-08-31,8.9,91.2791085607526,,CA
2009-09-30,8.5,91.118969773804,,CA
2009-10-31,8.6,91.0389003803296,,CA
2009-11-30,8.6,91.59938613465,,CA
2009-12-31,8.6,91.2791085607526,,CA
2010-01-31,8.5,91.2791085607526,,CA
2010-02-28,8.5,91.4392473477014,,CA
2010-03-31,8.5,91.6794555281244,,CA
2010-04-30,8.3,91.9196637085474,,CA
2010-05-31,8.3,91.9997331020218,,CA
2010-06-30,8.1,91.9196637085474,,CA
2010-07-31,8.3,91.6794555281244,,CA
2010-08-31,8.4,91.6794555281244,,CA
2010-09-30,8.2,91.9196637085474,,CA
2010-10-31,8.1,92.3200106759191,,CA
2010-11-30,7.9,92.5602188563422,,CA
2010-12-31,7.9,92.7203576432908,,CA
2011-01-31,7.9,93.1207046106626,,CA
2011-02-28,7.9,93.2808433976113,,CA
2011-03-31,8.0,94.5619536932008,,CA
2011-04-30,7.9,94.7220924801495,,CA
2011-05-31,7.8,94.9623006605725,,CA
2011-06-30,7.8,94.4018149062521,,CA
2011-07-31,7.6,94.4818842997264,,CA
2011-08-31,7.5,94.6420230866751,,CA
2011-09-30,7.6,94.8021618736238,,CA
2011-10-31,7.6,95.1224394475212,,CA
2011-11-30,7.7,95.2825782344699,,CA
2011-12-31,7.6,94.8021618736238,,CA
2012-01-31,7.8,95.6028558083672,,CA
2012-02-29,7.7,96.0832721692133,,CA
2012-03-31,7.4,96.4035497431107,,CA
2012-04-30,7.5,96.8038967104824,,CA
2012-05-31,7.6,96.6437579235337,,CA
2012-06-30,7.5,96.243410956162,,CA
2012-07-31,7.4,96.243410956162,,CA
2012-08-31,7.5,96.483619136585,,CA
2012-09-30,7.4,96.483619136585,,CA
2012-10-31,7.4,96.8038967104824,,CA
2012-11-30,7.4,96.7238273170081,,CA
2012-12-31,7.3,96.1633415626876,,CA
2013-01-31,7.2,96.1633415626876,,CA
2013-02-28,7.1,97.4444518582772,,CA
2013-03-31,7.3,97.2042436778542,,CA
2013-04-30,7.3,97.2042436778542,,CA
2013-05-31,7.2,97.3643824648028,,CA
2013-06-30,7.3,97.2042436778542,,CA
2013-07-31,7.4,97.2843130713285,,CA
2013-08-31,7.3,97.2843130713285,,CA
2013-09-30,7.3,97.2843130713285,,CA
2013-10-31,7.4,97.2042436778542,,CA
2013-11-30,7.3,97.3643824648028,,CA
2013-12-31,7.5,97.0441048909054,,CA
2014-01-31,7.4,97.2843130713285,,CA
2014-02-28,7.4,97.9248682191232,,CA
2014-03-31,7.2,98.1650763995463,,CA
2014-04-30,7.2,98.6454927603924,,CA
2014-05-31,7.4,98.8857009408154,,CA
2014-06-30,7.3,98.9657703342897,,CA
2014-07-31,7.2,98.8857009408154,,CA
2014-08-31,7.1,99.0458397277641,,CA
2014-09-30,7.2,99.1259091212384,,CA
2014-10-31,7.0,99.3661173016614,,CA
2014-11-30,6.9,99.1259091212384,,CA
2014-12-31,6.7,98.4052845799693,,CA
2015-01-31,6.9,98.4052845799693,,CA
2015-02-28,7.0,99.3661173016614,,CA
2015-03-31,7.0,99.9266030559819,,CA
2015-04-30,7.1,100.006672449456,,CA
2015-05-31,7.0,100.407019416828,,CA
2015-06-30,7.0,100.326950023354,,CA
2015-07-31,7.0,100.326950023354,,CA
2015-08-31,7.1,100.326950023354,,CA
2015-09-30,7.2,100.326950023354,,CA
2015-10-31,7.1,100.567158203777,,CA
2015-11-30,7.2,100.166811236405,,CA
2015-12-31,7.3,99.8465336625075,,CA
2016-01-31,7.4,99.9266030559819,,CA
2016-02-29,7.4,100.407019416828,,CA
2016-03-31,7.4,100.727296990725,,CA
2016-04-30,7.4,101.047574564623,,CA
2016-05-31,7.1,101.36785213852,,CA
2016-06-30,7.1,101.047574564623,,CA
2016-07-31,7.1,100.8073663842,,CA
2016-08-31,6.9,100.727296990725,,CA
2016-09-30,7.0,101.207713351571,,CA
2016-10-31,6.9,101.127643958097,,CA
2016-11-30,6.9,100.8073663842,,CA
2016-12-31,7.0,100.487088810302,,CA
2017-01-31,6.9,101.047574564623,,CA
2017-02-28,6.7,101.447921531994,,CA
2017-03-31,6.8,101.688129712417,,CA
2017-04-30,6.6,102.008407286315,,CA
2017-05-31,6.7,102.168546073263,,CA
2017-06-30,6.5,101.848268499366,,CA
2017-07-31,6.4,101.92833789284,,CA
2017-08-31,6.3,102.008407286315,,CA
2017-09-30,6.3,102.168546073263,,CA
2017-10-31,6.3,102.248615466738,,CA
2017-11-30,6.2,102.568893040635,,CA
2017-12-31,6.1,102.408754253687,,CA
2018-01-31,6.0,102.64896243411,,CA
2018-02-28,6.0,103.20944818843,,CA
2018-03-31,5.8,103.369586975379,,CA
2018-04-30,5.8,103.609795155802,,CA
2018-05-31,6.0,103.76993394275,,CA
2018-06-30,6.1,103.689864549276,,CA
2018-07-31,6.0,104.170280910122,,CA
2018-08-31,6.1,104.090211516648,,CA
2018-09-30,5.8,104.010142123173,,CA
2018-10-31,5.7,104.090211516648,,CA
2018-11-30,5.7,103.689864549276,,CA
2018-12-31,5.7,103.850003336225,,CA
2019-01-31,5.8,103.930072729699,,CA
2019-02-28,5.8,104.810836057917,,CA
2019-03-31,5.9,105.371321812237,,CA
2019-04-30,5.8,105.61152999266,,CA
2019-05-31,5.6,106.332154533929,,CA
2019-06-30,5.7,106.011876960032,,CA
2019-07-31,5.8,106.652432107827,,CA
2019-08-31,5.7,106.652432107827,,CA
2019-09-30,5.8,106.652432107827,,CA
2019-10-31,5.8,106.89264028825,,CA
2019-11-30,6.0,106.732501501301,,CA
2019-12-31,5.7,106.732501501301,,CA
2020-01-31,5.6,106.732501501301,,CA
2020-02-29,5.8,107.212917862147,,CA
2020-03-31,8.6,106.89264028825,,CA
2020-04-30,14.0,106.412223927404,,CA
2020-05-31,14.6,106.332154533929,,CA
2020-06-30,12.5,106.972709681724,,CA
2020-07-31,11.3,106.972709681724,,CA
2020-08-31,10.5,107.052779075198,,CA
2020-09-30,8.9,106.812570894775,,CA
2020-10-31,8.8,107.533195436045,,CA
2020-11-30,8.4,107.853473009942,,CA
2020-12-31,8.6,107.773403616468,,CA
2021-01-31,9.6,108.333889370788,,CA
2021-02-28,8.6,108.974444518583,,CA
2021-03-31,7.9,108.974444518583,,CA
2021-04-30,8.3,109.534930272903,,CA
2021-05-31,8.4,110.735971175018,,CA
2021-06-30,7.7,111.056248748916,,CA
2021-07-31,7.4,111.456595716287,,CA
2021-08-31,7.1,111.776873290185,,CA
2021-09-30,6.8,112.257289651031,,CA
2021-10-31,6.2,112.9779141923,,CA
2021-11-30,5.9,113.218122372723,,CA
2021-12-31,5.8,113.138052979249,,CA
2022-01-31,6.6,113.778608127043,,CA
2022-02-28,5.5,114.81951024221,,CA
2022-03-31,5.4,116.100620537799,,CA
2022-04-30,5.4,116.901314472543,,CA
2022-05-31,5.2,118.422632948555,,CA
2022-06-30,5.0,119.543604457196,,CA
2022-07-31,4.8,119.543604457196,,CA
2022-08-31,5.1,119.783812637619,,CA
2022-09-30,5.2,119.863882031094,,CA
2022-10-31,5.1,120.584506572363,,CA
2022-11-30,5.1,121.225061720157,,CA
2022-12-31,5.0,120.744645359311,,CA
2023-01-31,5.2,121.305131113632,,CA
2023-02-28,5.2,122.025755654901,,CA
2023-03-31,5.1,122.426102622273,,CA
2023-04-30,5.1,123.627143524388,,CA
2023-05-31,5.3,124.507906852606,,CA
2023-06-30,5.5,125.068392606926,,CA
2023-07-31,5.5,125.228531393875,,CA
2023-08-31,5.5,126.029225328618,,CA
2023-09-30,5.5,125.869086541669,,CA
2023-10-31,5.8,126.109294722092,,CA
2023-11-30,5.8,126.189364115567,,CA
2023-12-31,5.9,,,CA
2024-01-31,5.8,,,CA
2000-01-31,4.9,99.1601,,JP
2000-02-29,5.0,98.85467000000001,,JP
2000-03-31,5.1,99.05828,,JP
2000-04-30,5.0,99.2619,,JP
2000-05-31,4.8,99.36371,,JP
2000-06-30,4.9,99.1601,,JP
2000-07-31,4.9,98.85467000000001,,JP
2000-08-31,4.8,99.1601,,JP
2000-09-30,4.9,99.05828,,JP
2000-10-31,4.9,99.05828,,JP
2000-11-30,5.0,98.75286,,JP
2000-12-31,5.0,98.85467000000001,,JP
2001-01-31,5.0,98.85467000000001,,JP
2001-02-28,4.9,98.54925,,JP
2001-03-31,4.9,98.44744,,JP
2001-04-30,5.0,98.54925,,JP
2001-05-31,5.1,98.65105,,JP
2001-06-30,5.1,98.44744,,JP
2001-07-31,5.3,98.14202,,JP
2001-08-31,5.3,98.44744,,JP
2001-09-30,5.5,98.34563,,JP
2001-10-31,5.5,98.34563,,JP
2001-11-30,5.6,97.8366,,JP
2001-12-31,5.7,97.73479,,JP
2002-01-31,5.5,97.53118,,JP
2002-02-28,5.6,97.02214,,JP
2002-03-31,5.6,97.22575,,JP
2002-04-30,5.5,97.53118,,JP
2002-05-31,5.7,97.8366,,JP
2002-06-30,5.7,97.73479,,JP
2002-07-31,5.6,97.32757,,JP
2002-08-31,5.8,97.63299,,JP
2002-09-30,5.7,97.63299,,JP
2002-10-31,5.6,97.42937,,JP
2002-11-30,5.5,97.42937,,JP
2002-12-31,5.6,97.42937,,JP
2003-01-31,5.7,97.12395,,JP
2003-02-28,5.5,96.81853,,JP
2003-03-31,5.7,97.12395,,JP
2003-04-30,5.7,97.42937,,JP
2003-05-31,5.7,97.63299,,JP
2003-06-30,5.6,97.32757,,JP
2003-07-31,5.4,97.12395,,JP
2003-08-31,5.3,97.32757,,JP
2003-09-30,5.4,97.42937,,JP
2003-10-31,5.3,97.42937,,JP
2003-11-30,5.3,96.92033,,JP
2003-12-31,5.1,97.02214,,JP
2004-01-31,5.1,96.81853,,JP
2004-02-29,5.2,96.81853,,JP
2004-03-31,5.0,97.02214,,JP
2004-04-30,5.0,97.02214,,JP
2004-05-31,4.9,97.12395,,JP
2004-06-30,4.9,97.32757,,JP
2004-07-31,5.1,97.02214,,JP
2004-08-31,5.0,97.12395,,JP
2004-09-30,4.8,97.42937,,JP
2004-10-31,4.8,97.93841,,JP
2004-11-30,4.7,97.73479,,JP
2004-12-31,4.7,97.22575,,JP
2005-01-31,4.7,97.02214,,JP
2005-02-28,4.8,96.71672,,JP
2005-03-31,4.7,97.02214,,JP
2005-04-30,4.7,97.12395,,JP
2005-05-31,4.7,97.22575,,JP
2005-06-30,4.5,96.81853,,JP
2005-07-31,4.6,96.71672,,JP
2005-08-31,4.5,96.81853,,JP
2005-09-30,4.4,97.12395,,JP
2005-10-31,4.6,97.12395,,JP
2005-11-30,4.8,96.71672,,JP
2005-12-31,4.6,96.81853,,JP
2006-01-31,4.6,96.92033,,JP
2006-02-28,4.3,96.61491,,JP
2006-03-31,4.3,96.81853,,JP
2006-04-30,4.3,97.02214,,JP
2006-05-31,4.3,97.32757,,JP
2006-06-30,4.4,97.32757,,JP
2006-07-31,4.3,97.02214,,JP
2006-08-31,4.3,97.73479,,JP
2006-09-30,4.3,97.73479,,JP
2006-10-31,4.3,97.53118,,JP
2006-11-30,4.2,97.02214,,JP
2006-12-31,4.2,97.12395,,JP
2007-01-31,4.2,96.92033,,JP
2007-02-28,4.2,96.4113,,JP
2007-03-31,4.2,96.71672,,JP
2007-04-30,4.0,97.02214,,JP
2007-05-31,3.9,97.32757,,JP
2007-06-30,3.8,97.12395,,JP
2007-07-31,3.7,97.02214,,JP
2007-08-31,3.9,97.53118,,JP
2007-09-30,4.1,97.53118,,JP
2007-10-31,4.2,97.73479,,JP
2007-11-30,4.0,97.63299,,JP
2007-12-31,3.9,97.73479,,JP
2008-01-31,4.1,97.63299,,JP
2008-02-29,4.2,97.42937,,JP
2008-03-31,4.0,97.8366,,JP
2008-04-30,4.1,97.73479,,JP
2008-05-31,4.1,98.54925,,JP
2008-06-30,4.1,99.05828,,JP
2008-07-31,4.1,99.2619,,JP
2008-08-31,4.2,99.56732,,JP
2008-09-30,4.2,99.56732,,JP
2008-10-31,4.0,99.46552,,JP
2008-11-30,4.2,98.54925,,JP
2008-12-31,4.6,98.14202,,JP
2009-01-31,4.5,97.63299,,JP
2009-02-28,4.8,97.32757,,JP
2009-03-31,5.1,97.63299,,JP
2009-04-30,5.2,97.73479,,JP
2009-05-31,5.4,97.53118,,JP
2009-06-30,5.4,97.32757,,JP
2009-07-31,5.7,97.02214,,JP
2009-08-31,5.7,97.32757,,JP
2009-09-30,5.6,97.32757,,JP
2009-10-31,5.5,96.92033,,JP
2009-11-30,5.5,96.71672,,JP
2009-12-31,5.4,96.51311,,JP
2010-01-31,5.3,96.61491,,JP
2010-02-28,5.3,96.61491,,JP
2010-03-31,5.4,96.81853,,JP
2010-04-30,5.3,96.81853,,JP
2010-05-31,5.4,96.81853,,JP
2010-06-30,5.4,96.61491,,JP
2010-07-31,5.2,96.10588000000001,,JP
2010-08-31,5.3,96.20769000000001,,JP
2010-09-30,5.4,96.4113,,JP
2010-10-31,5.4,96.71672,,JP
2010-11-30,5.3,96.4113,,JP
2010-12-31,5.1,96.20769000000001,,JP
2011-01-31,5.1,96.10588000000001,,JP
2011-02-28,4.9,96.10588000000001,,JP
2011-03-31,4.914495,96.30949,,JP
2011-04-30,4.869536,96.4113,,JP
2011-05-31,4.83469,96.4113,,JP
2011-06-30,4.947701,96.30949,,JP
2011-07-31,4.929225,96.30949,,JP
2011-08-31,4.672584,96.4113,,JP
2011-09-30,4.4,96.4113,,JP
2011-10-31,4.6,96.51311,,JP
2011-11-30,4.7,95.90227,,JP
2011-12-31,4.8,96.00407000000001,,JP
2012-01-31,4.8,96.20769000000001,,JP
2012-02-29,4.7,96.4113,,JP
2012-03-31,4.7,96.81853,,JP
2012-04-30,4.8,96.92033,,JP
2012-05-31,4.6,96.61491,,JP
2012-06-30,4.5,96.10588000000001,,JP
2012-07-31,4.6,95.80046,,JP
2012-08-31,4.4,96.00407000000001,,JP
2012-09-30,4.5,96.10588000000001,,JP
2012-10-31,4.4,96.10588000000001,,JP
2012-11-30,4.3,95.80046,,JP
2012-12-31,4.4,95.80046,,JP
2013-01-31,4.4,95.90227,,JP
2013-02-28,4.5,95.69865,,JP
2013-03-31,4.3,95.90227,,JP
2013-04-30,4.4,96.20769000000001,,JP
2013-05-31,4.4,96.30949,,JP
2013-06-30,4.1,96.30949,,JP
2013-07-31,4.0,96.51311,,JP
2013-08-31,4.3,96.81853,,JP
2013-09-30,4.1,97.12395,,JP
2013-10-31,4.2,97.22575,,JP
2013-11-30,4.1,97.22575,,JP
2013-12-31,3.9,97.32757,,JP
2014-01-31,3.8,97.22575,,JP
2014-02-28,3.8,97.22575,,JP
2014-03-31,3.8,97.42937,,JP
2014-04-30,3.8,99.46552,,JP
2014-05-31,3.7,99.87274,,JP
2014-06-30,3.9,99.77094,,JP
2014-07-31,3.9,99.87274,,JP
2014-08-31,3.6,100.0764,,JP
2014-09-30,3.7,100.28,,JP
2014-10-31,3.7,99.97455,,JP
2014-11-30,3.6,99.66913,,JP
2014-12-31,3.5,99.66913,,JP
2015-01-31,3.7,99.56732,,JP
2015-02-28,3.7,99.36371,,JP
2015-03-31,3.6,99.66913,,JP
2015-04-30,3.5,100.1782,,JP
2015-05-31,3.5,100.4836,,JP
2015-06-30,3.5,100.1782,,JP
2015-07-31,3.5,100.0764,,JP
2015-08-31,3.5,100.1782,,JP
2015-09-30,3.5,100.28,,JP
2015-10-31,3.4,100.28,,JP
2015-11-30,3.4,99.87274,,JP
2015-12-31,3.5,99.87274,,JP
2016-01-31,3.4,99.46552,,JP
2016-02-29,3.4,99.56732,,JP
2016-03-31,3.4,99.66913,,JP
2016-04-30,3.4,99.87274,,JP
2016-05-31,3.3,99.97455,,JP
2016-06-30,3.3,99.87274,,JP
2016-07-31,3.2,99.66913,,JP
2016-08-31,3.3,99.66913,,JP
2016-09-30,3.1,99.77094,,JP
2016-10-31,3.1,100.3818,,JP
2016-11-30,3.2,100.3818,,JP
2016-12-31,3.2,100.1782,,JP
2017-01-31,3.1,99.97455,,JP
2017-02-28,3.1,99.87274,,JP
2017-03-31,2.9,99.87274,,JP
2017-04-30,3.0,100.28,,JP
2017-05-31,3.2,100.3818,,JP
2017-06-30,2.9,100.28,,JP
2017-07-31,3.0,100.0764,,JP
2017-08-31,2.9,100.28,,JP
2017-09-30,3.0,100.5854,,JP
2017-10-31,2.9,100.5854,,JP
2017-11-30,2.8,100.8908,,JP
2017-12-31,2.8,101.1962,,JP
2018-01-31,2.6,101.298,,JP
2018-02-28,2.7,101.298,,JP
2018-03-31,2.7,100.9926,,JP
2018-04-30,2.6,100.8908,,JP
2018-05-31,2.3,101.0944,,JP
2018-06-30,2.6,100.9926,,JP
2018-07-31,2.7,100.9926,,JP
2018-08-31,2.6,101.6035,,JP
2018-09-30,2.4,101.7053,,JP
2018-10-31,2.5,102.0107,,JP
2018-11-30,2.7,101.8071,,JP
2018-12-31,2.6,101.5017,,JP
2019-01-31,2.6,101.5017,,JP
2019-02-28,2.5,101.5017,,JP
2019-03-31,2.7,101.5017,,JP
2019-04-30,2.6,101.8071,,JP
2019-05-31,2.5,101.8071,,JP
2019-06-30,2.4,101.6035,,JP
2019-07-31,2.3,101.6035,,JP
2019-08-31,2.3,101.8071,,JP
2019-09-30,2.5,101.9089,,JP
2019-10-31,2.5,102.2143,,JP
2019-11-30,2.3,102.3161,,JP
2019-12-31,2.4,102.3161,,JP
2020-01-31,2.5,102.3161,,JP
2020-02-29,2.5,102.1125,,JP
2020-03-31,2.7,102.1125,,JP
2020-04-30,2.8,102.0107,,JP
2020-05-31,2.9,101.9089,,JP
2020-06-30,2.9,101.7053,,JP
2020-07-31,3.1,101.8071,,JP
2020-08-31,3.1,101.9089,,JP
2020-09-30,3.1,101.7053,,JP
2020-10-31,3.3,101.6035,,JP
2020-11-30,3.1,101.298,,JP
2020-12-31,3.3,101.0944,,JP
2021-01-31,3.2,101.6035,,JP
2021-02-28,3.1,101.6035,,JP
2021-03-31,2.8,101.7053,,JP
2021-04-30,3.0,100.8908,,JP
2021-05-31,3.1,101.1962,,JP
2021-06-30,3.0,101.298,,JP
2021-07-31,2.9,,,JP
2021-08-31,2.9,,,JP
2021-09-30,2.9,,,JP
2021-10-31,2.8,,,JP
2021-11-30,3.0,,,JP
2021-12-31,2.9,,,JP
2022-01-31,2.9,,,JP
2022-02-28,2.9,,,JP
2022-03-31,2.7,,,JP
2022-04-30,2.7,,,JP
2022-05-31,2.8,,,JP
2022-06-30,2.8,,,JP
2022-07-31,2.7,,,JP
2022-08-31,2.7,,,JP
2022-09-30,2.8,,,JP
2022-10-31,2.7,,,JP
2022-11-30,2.7,,,JP
2022-12-31,2.7,,,JP
2023-01-31,2.6,,,JP
2023-02-28,2.7,,,JP
2023-03-31,2.9,,,JP
2023-04-30,2.7,,,JP
2023-05-31,2.7,,,JP
2023-06-30,2.7,,,JP
2023-07-31,2.8,,,JP
2023-08-31,2.7,,,JP
2023-09-30,2.7,,,JP
2023-10-31,2.7,,,JP
2023-11-30,2.7,,,JP
2023-12-31,2.6,,,JP
2024-01-31,2.6,,,JP
2000-01-31,,79.17,,FR
2000-02-29,,79.27,,FR
2000-03-31,,79.64,,FR
2000-04-30,,79.64,,FR
2000-05-31,,79.8,,FR
2000-06-30,,80.0,,FR
2000-07-31,,79.87,,FR
2000-08-31,,80.02,,FR
2000-09-30,,80.43,,FR
2000-10-31,,80.33,,FR
2000-11-30,,80.51,,FR
2000-12-31,,80.47,,FR
2001-01-31,,80.13,,FR
2001-02-28,,80.35,,FR
2001-03-31,,80.71,,FR
2001-04-30,,81.1,,FR
2001-05-31,,81.6,,FR
2001-06-30,,81.65,,FR
2001-07-31,,81.48,,FR
2001-08-31,,81.48,,FR
2001-09-30,,81.63,,FR
2001-10-31,,81.68,,FR
2001-11-30,,81.46,,FR
2001-12-31,,81.56,,FR
2002-01-31,,81.94,,FR
2002-02-28,,82.04,,FR
2002-03-31,,82.4,,FR
2002-04-30,,82.71,,FR
2002-05-31,,82.81,,FR
2002-06-30,,82.8,,FR
2002-07-31,,82.8,,FR
2002-08-31,,82.99,,FR
2002-09-30,,83.14,,FR
2002-10-31,,83.27,,FR
2002-11-30,,83.27,,FR
2002-12-31,,83.41,,FR
2003-01-31,,83.57,,FR
2003-02-28,,84.15,,FR
2003-03-31,,84.49,,FR
2003-04-30,,84.37,,FR
2003-05-31,,84.27,,FR
2003-06-30,,84.43,,FR
2003-07-31,,84.34,,FR
2003-08-31,,84.54,,FR
2003-09-30,,84.86,,FR
2003-10-31,,85.04,,FR
2003-11-30,,85.14,,FR
2003-12-31,,85.23,,FR
2004-01-31,,85.23,,FR
2004-02-29,,85.59,,FR
2004-03-31,,85.93,,FR
2004-04-30,,86.15,,FR
2004-05-31,,86.47,,FR
2004-06-30,,86.5,,FR
2004-07-31,,86.36,,FR
2004-08-31,,86.55,,FR
2004-09-30,,86.63,,FR
2004-10-31,,86.85,,FR
2004-11-30,,86.9,,FR
2004-12-31,,87.0,,FR
2005-01-31,,86.52,,FR
2005-02-28,,87.05,,FR
2005-03-31,,87.6,,FR
2005-04-30,,87.77,,FR
2005-05-31,,87.83,,FR
2005-06-30,,87.93,,FR
2005-07-31,,87.8,,FR
2005-08-31,,88.14,,FR
2005-09-30,,88.48,,FR
2005-10-31,,88.46,,FR
2005-11-30,,88.28,,FR
2005-12-31,,88.39,,FR
2006-01-31,,88.3,,FR
2006-02-28,,88.64,,FR
2006-03-31,,88.89,,FR
2006-04-30,,89.27,,FR
2006-05-31,,89.65,,FR
2006-06-30,,89.65,,FR
2006-07-31,,89.5,,FR
2006-08-31,,89.8,,FR
2006-09-30,,89.6,,FR
2006-10-31,,89.4,,FR
2006-11-30,,89.5,,FR
2006-12-31,,89.71,,FR
2007-01-31,,89.4,,FR
2007-02-28,,89.57,,FR
2007-03-31,,89.95,,FR
2007-04-30,,90.39,,FR
2007-05-31,,90.61000000000001,,FR
2007-06-30,,90.72,,FR
2007-07-31,,90.49,,FR
2007-08-31,,90.86000000000001,,FR
2007-09-30,,90.96,,FR
2007-10-31,,91.19,,FR
2007-11-30,,91.69,,FR
2007-12-31,,92.03,,FR
2008-01-31,,91.92,,FR
2008-02-29,,92.12,,FR
2008-03-31,,92.81,,FR
2008-04-30,,93.12,,FR
2008-05-31,,93.62,,FR
2008-06-30,,93.96,,FR
2008-07-31,,93.76,,FR
2008-08-31,,93.73,,FR
2008-09-30,,93.67,,FR
2008-10-31,,93.62,,FR
2008-11-30,,93.18,,FR
2008-12-31,,92.95,,FR
2009-01-31,,92.57,,FR
2009-02-28,,92.92,,FR
2009-03-31,,93.09,,FR
2009-04-30,,93.24,,FR
2009-05-31,,93.38,,FR
2009-06-30,,93.5,,FR
2009-07-31,,93.08,,FR
2009-08-31,,93.56,,FR
2009-09-30,,93.33,,FR
2009-10-31,,93.42,,FR
2009-11-30,,93.55,,FR
2009-12-31,,93.8,,FR
2010-01-31,,93.59,,FR
2010-02-28,,94.11000000000001,,FR
2010-03-31,,94.57,,FR
2010-04-30,,94.81,,FR
2010-05-31,,94.92,,FR
2010-06-30,,94.91,,FR
2010-07-31,,94.64,,FR
2010-08-31,,94.86000000000001,,FR
2010-09-30,,94.79,,FR
2010-10-31,,94.91,,FR
2010-11-30,,95.02,,FR
2010-12-31,,95.45,,FR
2011-01-31,,95.22,,FR
2011-02-28,,95.67,,FR
2011-03-31,,96.45,,FR
2011-04-30,,96.78,,FR
2011-05-31,,96.83,,FR
2011-06-30,,96.91,,FR
2011-07-31,,96.48,,FR
2011-08-31,,96.98,,FR
2011-09-30,,96.91,,FR
2011-10-31,,97.14,,FR
2011-11-30,,97.41,,FR
2011-12-31,,97.8,,FR
2012-01-31,,97.46,,FR
2012-02-29,,97.86000000000001,,FR
2012-03-31,,98.67,,FR
2012-04-30,,98.8,,FR
2012-05-31,,98.75,,FR
2012-06-30,,98.78,,FR
2012-07-31,,98.35,,FR
2012-08-31,,99.0,,FR
2012-09-30,,98.76,,FR
2012-10-31,,98.94,,FR
2012-11-30,,98.79,,FR
2012-12-31,,99.1,,FR
2013-01-31,,98.6,,FR
2013-02-28,,98.88,,FR
2013-03-31,,99.63,,FR
2013-04-30,,99.48,,FR
2013-05-31,,99.54,,FR
2013-06-30,,99.7,,FR
2013-07-31,,99.4,,FR
2013-08-31,,99.86000000000001,,FR
2013-09-30,,99.63,,FR
2013-10-31,,99.5,,FR
2013-11-30,,99.46,,FR
2013-12-31,,99.8,,FR
2014-01-31,,99.24,,FR
2014-02-28,,99.79,,FR
2014-03-31,,100.24,,FR
2014-04-30,,100.2,,FR
2014-05-31,,100.22,,FR
2014-06-30,,100.18,,FR
2014-07-31,,99.86000000000001,,FR
2014-08-31,,100.3,,FR
2014-09-30,,99.92,,FR
2014-10-31,,99.95,,FR
2014-11-30,,99.78,,FR
2014-12-31,,99.86000000000001,,FR
2015-01-31,,98.86000000000001,,FR
2015-02-28,,99.52,,FR
2015-03-31,,100.17,,FR
2015-04-30,,100.28,,FR
2015-05-31,,100.52,,FR
2015-06-30,,100.44,,FR
2015-07-31,,100.03,,FR
2015-08-31,,100.35,,FR
2015-09-30,,99.95,,FR
2015-10-31,,100.01,,FR
2015-11-30,,99.82,,FR
2015-12-31,,100.04,,FR
2016-01-31,,99.08,,FR
2016-02-29,,99.33,,FR
2016-03-31,,100.02,,FR
2016-04-30,,100.09,,FR
2016-05-31,,100.5,,FR
2016-06-30,,100.63,,FR
2016-07-31,,100.25,,FR
2016-08-31,,100.58,,FR
2016-09-30,,100.34,,FR
2016-10-31,,100.37,,FR
2016-11-30,,100.35,,FR
2016-12-31,,100.65,,FR
2017-01-31,,100.41,,FR
2017-02-28,,100.53,,FR
2017-03-31,,101.17,,FR
2017-04-30,,101.26,,FR
2017-05-31,,101.31,,FR
2017-06-30,,101.32,,FR
2017-07-31,,100.97,,FR
2017-08-31,,101.49,,FR
2017-09-30,,101.33,,FR
2017-10-31,,101.43,,FR
2017-11-30,,101.53,,FR
2017-12-31,,101.85,,FR
2018-01-31,,101.75,,FR
2018-02-28,,101.72,,FR
2018-03-31,,102.75,,FR
2018-04-30,,102.92,,FR
2018-05-31,,103.36,,FR
2018-06-30,,103.37,,FR
2018-07-31,,103.28,,FR
2018-08-31,,103.78,,FR
2018-09-30,,103.56,,FR
2018-10-31,,103.67,,FR
2018-11-30,,103.45,,FR
2018-12-31,,103.47,,FR
2019-01-31,,103.01,,FR
2019-02-28,,103.06,,FR
2019-03-31,,103.89,,FR
2019-04-30,,104.22,,FR
2019-05-31,,104.33,,FR
2019-06-30,,104.58,,FR
2019-07-31,,104.38,,FR
2019-08-31,,104.86,,FR
2019-09-30,,104.5,,FR
2019-10-31,,104.46,,FR
2019-11-30,,104.52,,FR
2019-12-31,,104.98,,FR
2020-01-31,,104.54,,FR
2020-02-29,,104.53,,FR
2020-03-31,,104.59,,FR
2020-04-30,,104.56,,FR
2020-05-31,,104.71,,FR
2020-06-30,,104.79,,FR
2020-07-31,,105.19,,FR
2020-08-31,,105.09,,FR
2020-09-30,,104.55,,FR
2020-10-31,,104.51,,FR
2020-11-30,,104.73,,FR
2020-12-31,,104.96,,FR
2021-01-31,,105.12,,FR
2021-02-28,,105.12,,FR
2021-03-31,,105.75,,FR
2021-04-30,,105.86,,FR
2021-05-31,,106.2,,FR
2021-06-30,,106.34,,FR
2021-07-31,,106.4,,FR
2021-08-31,,107.05,,FR
2021-09-30,,106.81,,FR
2021-10-31,,107.25,,FR
2021-11-30,,107.64,,FR
2021-12-31,,107.85,,FR
2022-01-31,,108.12,,FR
2022-02-28,,108.94,,FR
2022-03-31,,110.49,,FR
2022-04-30,,110.97,,FR
2022-05-31,,111.72,,FR
2022-06-30,,112.55,,FR
2022-07-31,,112.87,,FR
2022-08-31,,113.38,,FR
2022-09-30,,112.74,,FR
2022-10-31,,113.9,,FR
2022-11-30,,114.26,,FR
2022-12-31,,114.16,,FR
2023-01-31,,114.6,,FR
2023-02-28,,115.78,,FR
2023-03-31,,116.79,,FR
2023-04-30,,117.5,,FR
2023-05-31,,117.44,,FR
2023-06-30,,117.65,,FR
2023-07-31,,117.71,,FR
2023-08-31,,118.89,,FR
2023-09-30,,118.26,,FR
2023-10-31,,118.43,,FR
2023-11-30,,118.23,,FR
2023-12-31,,118.39,,FR
2024-01-31,,118.19,,FR
2000-01-31,,72.6,,GB
2000-02-29,,72.8,,GB
2000-03-31,,73.0,,GB
2000-04-30,,73.3,,GB
2000-05-31,,73.5,,GB
2000-06-30,,73.6,,GB
2000-07-31,,73.3,,GB
2000-08-31,,73.3,,GB
2000-09-30,,73.8,,GB
2000-10-31,,73.8,,GB
2000-11-30,,74.0,,GB
2000-12-31,,74.0,,GB
2001-01-31,,73.5,,GB
2001-02-28,,73.7,,GB
2001-03-31,,73.9,,GB
2001-04-30,,74.4,,GB
2001-05-31,,74.9,,GB
2001-06-30,,75.0,,GB
2001-07-31,,74.5,,GB
2001-08-31,,74.8,,GB
2001-09-30,,75.0,,GB
2001-10-31,,74.9,,GB
2001-11-30,,74.9,,GB
2001-12-31,,75.0,,GB
2002-01-31,,74.8,,GB
2002-02-28,,75.0,,GB
2002-03-31,,75.2,,GB
2002-04-30,,75.6,,GB
2002-05-31,,75.8,,GB
2002-06-30,,75.8,,GB
2002-07-31,,75.6,,GB
2002-08-31,,75.8,,GB
2002-09-30,,76.0,,GB
2002-10-31,,76.1,,GB
2002-11-30,,76.1,,GB
2002-12-31,,76.3,,GB
2003-01-31,,75.9,,GB
2003-02-28,,76.1,,GB
2003-03-31,,76.4,,GB
2003-04-30,,76.8,,GB
2003-05-31,,76.8,,GB
2003-06-30,,76.7,,GB
2003-07-31,,76.6,,GB
2003-08-31,,76.8,,GB
2003-09-30,,77.0,,GB
2003-10-31,,77.1,,GB
2003-11-30,,77.1,,GB
2003-12-31,,77.3,,GB
2004-01-31,,77.0,,GB
2004-02-29,,77.2,,GB
2004-03-31,,77.3,,GB
2004-04-30,,77.6,,GB
2004-05-31,,77.9,,GB
2004-06-30,,77.9,,GB
2004-07-31,,77.7,,GB
2004-08-31,,77.9,,GB
2004-09-30,,77.9,,GB
2004-10-31,,78.1,,GB
2004-11-30,,78.3,,GB
2004-12-31,,78.6,,GB
2005-01-31,,78.3,,GB
2005-02-28,,78.5,,GB
2005-03-31,,78.8,,GB
2005-04-30,,79.1,,GB
2005-05-31,,79.4,,GB
2005-06-30,,79.4,,GB
2005-07-31,,79.5,,GB
2005-08-31,,79.7,,GB
2005-09-30,,79.9,,GB
2005-10-31,,80.0,,GB
2005-11-30,,80.0,,GB
2005-12-31,,80.3,,GB
2006-01-31,,80.0,,GB
2006-02-28,,80.2,,GB
2006-03-31,,80.4,,GB
2006-04-30,,80.9,,GB
2006-05-31,,81.3,,GB
2006-06-30,,81.5,,GB
2006-07-31,,81.5,,GB
2006-08-31,,81.8,,GB
2006-09-30,,81.9,,GB
2006-10-31,,82.0,,GB
2006-11-30,,82.2,,GB
2006-12-31,,82.6,,GB
2007-01-31,,82.1,,GB
2007-02-28,,82.4,,GB
2007-03-31,,82.8,,GB
2007-04-30,,83.1,,GB
2007-05-31,,83.3,,GB
2007-06-30,,83.5,,GB
2007-07-31,,83.1,,GB
2007-08-31,,83.4,,GB
2007-09-30,,83.5,,GB
2007-10-31,,83.8,,GB
2007-11-30,,84.1,,GB
2007-12-31,,84.5,,GB
2008-01-31,,84.1,,GB
2008-02-29,,84.6,,GB
2008-03-31,,84.9,,GB
2008-04-30,,85.6,,GB
2008-05-31,,86.1,,GB
2008-06-30,,86.6,,GB
2008-07-31,,86.6,,GB
2008-08-31,,87.1,,GB
2008-09-30,,87.5,,GB
2008-10-31,,87.3,,GB
2008-11-30,,87.3,,GB
2008-12-31,,87.1,,GB
2009-01-31,,86.6,,GB
2009-02-28,,87.2,,GB
2009-03-31,,87.3,,GB
2009-04-30,,87.5,,GB
2009-05-31,,87.9,,GB
2009-06-30,,88.1,,GB
2009-07-31,,88.0,,GB
2009-08-31,,88.3,,GB
2009-09-30,,88.3,,GB
2009-10-31,,88.4,,GB
2009-11-30,,88.6,,GB
2009-12-31,,88.9,,GB
2010-01-31,,88.8,,GB
2010-02-28,,89.0,,GB
2010-03-31,,89.4,,GB
2010-04-30,,89.9,,GB
2010-05-31,,90.1,,GB
2010-06-30,,90.2,,GB
2010-07-31,,90.0,,GB
2010-08-31,,90.4,,GB
2010-09-30,,90.4,,GB
2010-10-31,,90.6,,GB
2010-11-30,,90.9,,GB
2010-12-31,,91.7,,GB
2011-01-31,,91.8,,GB
2011-02-28,,92.3,,GB
2011-03-31,,92.6,,GB
2011-04-30,,93.3,,GB
2011-05-31,,93.5,,GB
2011-06-30,,93.5,,GB
2011-07-31,,93.5,,GB
2011-08-31,,93.9,,GB
2011-09-30,,94.5,,GB
2011-10-31,,94.5,,GB
2011-11-30,,94.7,,GB
2011-12-31,,95.0,,GB
2012-01-31,,94.7,,GB
2012-02-29,,95.2,,GB
2012-03-31,,95.4,,GB
2012-04-30,,95.9,,GB
2012-05-31,,95.9,,GB
2012-06-30,,95.6,,GB
2012-07-31,,95.7,,GB
2012-08-31,,96.1,,GB
2012-09-30,,96.4,,GB
2012-10-31,,96.8,,GB
2012-11-30,,97.0,,GB
2012-12-31,,97.3,,GB
2013-01-31,,97.0,,GB
2013-02-28,,97.5,,GB
2013-03-31,,97.8,,GB
2013-04-30,,98.0,,GB
2013-05-31,,98.2,,GB
2013-06-30,,98.0,,GB
2013-07-31,,98.0,,GB
2013-08-31,,98.4,,GB
2013-09-30,,98.7,,GB
2013-10-31,,98.8,,GB
2013-11-30,,98.8,,GB
2013-12-31,,99.2,,GB
2014-01-31,,98.7,,GB
2014-02-28,,99.1,,GB
2014-03-31,,99.3,,GB
2014-04-30,,99.6,,GB
2014-05-31,,99.6,,GB
2014-06-30,,99.8,,GB
2014-07-31,,99.6,,GB
2014-08-31,,99.9,,GB
2014-09-30,,100.0,,GB
2014-10-31,,100.1,,GB
2014-11-30,,99.9,,GB
2014-12-31,,99.9,,GB
2015-01-31,,99.2,,GB
2015-02-28,,99.5,,GB
2015-03-31,,99.6,,GB
2015-04-30,,99.9,,GB
2015-05-31,,100.1,,GB
2015-06-30,,100.1,,GB
2015-07-31,,100.0,,GB
2015-08-31,,100.3,,GB
2015-09-30,,100.2,,GB
2015-10-31,,100.3,,GB
2015-11-30,,100.3,,GB
2015-12-31,,100.4,,GB
2016-01-31,,99.9,,GB
2016-02-29,,100.1,,GB
2016-03-31,,100.4,,GB
2016-04-30,,100.6,,GB
2016-05-31,,100.8,,GB
2016-06-30,,101.0,,GB
2016-07-31,,100.9,,GB
2016-08-31,,101.2,,GB
2016-09-30,,101.5,,GB
2016-10-31,,101.6,,GB
2016-11-30,,101.8,,GB
2016-12-31,,102.2,,GB
2017-01-31,,101.8,,GB
2017-02-28,,102.4,,GB
2017-03-31,,102.7,,GB
2017-04-30,,103.2,,GB
2017-05-31,,103.5,,GB
2017-06-30,,103.5,,GB
2017-07-31,,103.5,,GB
2017-08-31,,104.0,,GB
2017-09-30,,104.3,,GB
2017-10-31,,104.4,,GB
2017-11-30,,104.7,,GB
2017-12-31,,105.0,,GB
2018-01-31,,104.5,,GB
2018-02-28,,104.9,,GB
2018-03-31,,105.1,,GB
2018-04-30,,105.5,,GB
2018-05-31,,105.9,,GB
2018-06-30,,105.9,,GB
2018-07-31,,105.9,,GB
2018-08-31,,106.5,,GB
2018-09-30,,106.6,,GB
2018-10-31,,106.7,,GB
2018-11-30,,106.9,,GB
2018-12-31,,107.1,,GB
2019-01-31,,106.4,,GB
2019-02-28,,106.8,,GB
2019-03-31,,107.0,,GB
2019-04-30,,107.6,,GB
2019-05-31,,107.9,,GB
2019-06-30,,107.9,,GB
2019-07-31,,108.0,,GB
2019-08-31,,108.3,,GB
2019-09-30,,108.4,,GB
2019-10-31,,108.3,,GB
2019-11-30,,108.5,,GB
2019-12-31,,108.5,,GB
2020-01-31,,108.3,,GB
2020-02-29,,108.6,,GB
2020-03-31,,108.6,,GB
2020-04-30,,108.6,,GB
2020-05-31,,108.6,,GB
2020-06-30,,108.8,,GB
2020-07-31,,109.2,,GB
2020-08-31,,108.8,,GB
2020-09-30,,109.2,,GB
2020-10-31,,109.2,,GB
2020-11-30,,109.1,,GB
2020-12-31,,109.4,,GB
2021-01-31,,109.3,,GB
2021-02-28,,109.4,,GB
2021-03-31,,109.7,,GB
2021-04-30,,110.4,,GB
2021-05-31,,111.0,,GB
2021-06-30,,111.4,,GB
2021-07-31,,111.4,,GB
2021-08-31,,112.1,,GB
2021-09-30,,112.4,,GB
2021-10-31,,113.4,,GB
2021-11-30,,114.1,,GB
2021-12-31,,114.7,,GB
2022-01-31,,114.6,,GB
2022-02-28,,115.4,,GB
2022-03-31,,116.5,,GB
2022-04-30,,119.0,,GB
2022-05-31,,119.7,,GB
2022-06-30,,120.5,,GB
2022-07-31,,121.2,,GB
2022-08-31,,121.8,,GB
2022-09-30,,122.3,,GB
2022-10-31,,124.3,,GB
2022-11-30,,124.8,,GB
2022-12-31,,125.3,,GB
2023-01-31,,124.8,,GB
2023-02-28,,126.0,,GB
2023-03-31,,126.8,,GB
2023-04-30,,128.3,,GB
2023-05-31,,129.1,,GB
2023-06-30,,129.4,,GB
2023-07-31,,129.0,,GB
2023-08-31,,129.4,,GB
2023-09-30,,130.1,,GB
2023-10-31,,130.2,,GB
2023-11-30,,130.0,,GB
2023-12-31,,130.5,,GB
2024-01-31,,130.0,,GB
2000-01-31,,74.05929,,IT
2000-02-29,,74.32545,,IT
2000-03-31,,74.52507,,IT
2000-04-30,,74.59161,,IT
2000-05-31,,74.85777,,IT
2000-06-30,,75.05739,,IT
2000-07-31,,75.19046999999999,,IT
2000-08-31,,75.25701,,IT
2000-09-30,,75.39009,,IT
2000-10-31,,75.65625,,IT
2000-11-30,,75.85587,,IT
2000-12-31,,75.92241999999999,,IT
2001-01-31,,76.25511,,IT
2001-02-28,,76.52128,,IT
2001-03-31,,76.58781,,IT
2001-04-30,,76.92052,,IT
2001-05-31,,77.12014,,IT
2001-06-30,,77.31976,,IT
2001-07-31,,77.3863,,IT
2001-08-31,,77.3863,,IT
2001-09-30,,77.3863,,IT
2001-10-31,,77.51938,,IT
2001-11-30,,77.65245999999999,,IT
2001-12-31,,77.719,,IT
2002-01-31,,78.0517,,IT
2002-02-28,,78.31786,,IT
2002-03-31,,78.51749000000001,,IT
2002-04-30,,78.7171,,IT
2002-05-31,,78.91673,,IT
2002-06-30,,78.98326999999999,,IT
2002-07-31,,79.11635,,IT
2002-08-31,,79.24943,,IT
2002-09-30,,79.38251,,IT
2002-10-31,,79.58213,,IT
2002-11-30,,79.84829,,IT
2002-12-31,,79.91483000000001,,IT
2003-01-31,,80.24753,,IT
2003-02-28,,80.38061,,IT
2003-03-31,,80.64676999999999,,IT
2003-04-30,,80.84639,,IT
2003-05-31,,81.04601,,IT
2003-06-30,,81.11256,,IT
2003-07-31,,81.24564000000002,,IT
2003-08-31,,81.44525,,IT
2003-09-30,,81.57833000000002,,IT
2003-10-31,,81.64487,,IT
2003-11-30,,81.8445,,IT
2003-12-31,,81.91103000000001,,IT
2004-01-31,,82.04411,,IT
2004-02-29,,82.24374,,IT
2004-03-31,,82.5099,,IT
2004-04-30,,82.70952,,IT
2004-05-31,,82.90914000000002,,IT
2004-06-30,,83.04222,,IT
2004-07-31,,83.10876,,IT
2004-08-31,,83.30838,,IT
2004-09-30,,83.30838,,IT
2004-10-31,,83.30838,,IT
2004-11-30,,83.37491999999999,,IT
2004-12-31,,83.57454,,IT
2005-01-31,,83.57454,,IT
2005-02-28,,83.84071,,IT
2005-03-31,,84.10686,,IT
2005-04-30,,84.23994,,IT
2005-05-31,,84.5061,,IT
2005-06-30,,84.5061,,IT
2005-07-31,,84.83881,,IT
2005-08-31,,84.97189,,IT
2005-09-30,,84.97189,,IT
2005-10-31,,85.17151,,IT
2005-11-30,,85.23804,,IT
2005-12-31,,85.23804,,IT
2006-01-31,,85.43767,,IT
2006-02-28,,85.63729000000002,,IT
2006-03-31,,85.83691,,IT
2006-04-30,,86.10307,,IT
2006-05-31,,86.36923,,IT
2006-06-30,,86.43578000000002,,IT
2006-07-31,,86.70193,,IT
2006-08-31,,86.83501,,IT
2006-09-30,,86.76847,,IT
2006-10-31,,86.70193,,IT
2006-11-30,,86.76847,,IT
2006-12-31,,86.83501,,IT
2007-01-31,,86.90155,,IT
2007-02-28,,87.16771999999999,,IT
2007-03-31,,87.3008,,IT
2007-04-30,,87.43388,,IT
2007-05-31,,87.70004,,IT
2007-06-30,,87.89966,,IT
2007-07-31,,88.09928000000002,,IT
2007-08-31,,88.23236,,IT
2007-09-30,,88.23236,,IT
2007-10-31,,88.49852,,IT
2007-11-30,,88.83122,,IT
2007-12-31,,89.09738,,IT
2008-01-31,,89.49662,,IT
2008-02-29,,89.69624,,IT
2008-03-31,,90.16203,,IT
2008-04-30,,90.36165,,IT
2008-05-31,,90.82743,,IT
2008-06-30,,91.22667,,IT
2008-07-31,,91.69245,,IT
2008-08-31,,91.82553,,IT
2008-09-30,,91.55937,,IT
2008-10-31,,91.55937,,IT
2008-11-30,,91.22667,,IT
2008-12-31,,91.09359,,IT
2009-01-31,,90.96051000000001,,IT
2009-02-28,,91.16013,,IT
2009-03-31,,91.22667,,IT
2009-04-30,,91.42629,,IT
2009-05-31,,91.62591,,IT
2009-06-30,,91.69245,,IT
2009-07-31,,91.69245,,IT
2009-08-31,,91.95861,,IT
2009-09-30,,91.759,,IT
2009-10-31,,91.82553,,IT
2009-11-30,,91.82553,,IT
2009-12-31,,92.02515,,IT
2010-01-31,,92.15823,,IT
2010-02-28,,92.22477,,IT
2010-03-31,,92.49094,,IT
2010-04-30,,92.82363,,IT
2010-05-31,,92.89017,,IT
2010-06-30,,92.89017,,IT
2010-07-31,,93.22288,,IT
2010-08-31,,93.42250000000001,,IT
2010-09-30,,93.22288,,IT
2010-10-31,,93.42250000000001,,IT
2010-11-30,,93.42250000000001,,IT
2010-12-31,,93.7552,,IT
2011-01-31,,94.13953,,IT
2011-02-28,,94.4186,,IT
2011-03-31,,94.7907,,IT
2011-04-30,,95.25581,,IT
2011-05-31,,95.34884,,IT
2011-06-30,,95.44186,,IT
2011-07-31,,95.72093,,IT
2011-08-31,,96.0,,IT
2011-09-30,,96.0,,IT
2011-10-31,,96.55814,,IT
2011-11-30,,96.46512,,IT
2011-12-31,,96.83721,,IT
2012-01-31,,97.11628,,IT
2012-02-29,,97.48837,,IT
2012-03-31,,97.95349,,IT
2012-04-30,,98.4186,,IT
2012-05-31,,98.4186,,IT
2012-06-30,,98.60465,,IT
2012-07-31,,98.69768,,IT
2012-08-31,,99.06977,,IT
2012-09-30,,99.06977,,IT
2012-10-31,,99.06977,,IT
2012-11-30,,98.88372,,IT
2012-12-31,,99.06977,,IT
2013-01-31,,99.25581,,IT
2013-02-28,,99.34884,,IT
2013-03-31,,99.53488,,IT
2013-04-30,,99.53488,,IT
2013-05-31,,99.53488,,IT
2013-06-30,,99.81396,,IT
2013-07-31,,99.90697,,IT
2013-08-31,,100.2791,,IT
2013-09-30,,100.0,,IT
2013-10-31,,99.81396,,IT
2013-11-30,,99.53488,,IT
2013-12-31,,99.72093,,IT
2014-01-31,,99.90697,,IT
2014-02-28,,99.81396,,IT
2014-03-31,,99.90697,,IT
2014-04-30,,100.093,,IT
2014-05-31,,100.0,,IT
2014-06-30,,100.093,,IT
2014-07-31,,100.0,,IT
2014-08-31,,100.186,,IT
2014-09-30,,99.81396,,IT
2014-10-31,,99.90697,,IT
2014-11-30,,99.72093,,IT
2014-12-31,,99.72093,,IT
2015-01-31,,99.34884,,IT
2015-02-28,,99.72093,,IT
2015-03-31,,99.81396,,IT
2015-04-30,,100.0,,IT
2015-05-31,,100.093,,IT
2015-06-30,,100.2791,,IT
2015-07-31,,100.186,,IT
2015-08-31,,100.3721,,IT
2015-09-30,,100.0,,IT
2015-10-31,,100.186,,IT
2015-11-30,,99.81396,,IT
2015-12-31,,99.81396,,IT
2016-01-31,,99.6,,IT
2016-02-29,,99.4,,IT
2016-03-31,,99.6,,IT
2016-04-30,,99.5,,IT
2016-05-31,,99.8,,IT
2016-06-30,,99.9,,IT
2016-07-31,,100.1,,IT
2016-08-31,,100.3,,IT
2016-09-30,,100.1,,IT
2016-10-31,,100.0,,IT
2016-11-30,,99.9,,IT
2016-12-31,,100.3,,IT
2017-01-31,,100.6,,IT
2017-02-28,,101.0,,IT
2017-03-31,,101.0,,IT
2017-04-30,,101.4,,IT
2017-05-31,,101.2,,IT
2017-06-30,,101.1,,IT
2017-07-31,,101.2,,IT
2017-08-31,,101.5,,IT
2017-09-30,,101.2,,IT
2017-10-31,,101.0,,IT
2017-11-30,,100.8,,IT
2017-12-31,,101.2,,IT
2018-01-31,,101.5,,IT
2018-02-28,,101.5,,IT
2018-03-31,,101.8,,IT
2018-04-30,,101.9,,IT
2018-05-31,,102.2,,IT
2018-06-30,,102.4,,IT
2018-07-31,,102.7,,IT
2018-08-31,,103.1,,IT
2018-09-30,,102.6,,IT
2018-10-31,,102.6,,IT
2018-11-30,,102.4,,IT
2018-12-31,,102.3,,IT
2019-01-31,,102.4,,IT
2019-02-28,,102.5,,IT
2019-03-31,,102.8,,IT
2019-04-30,,103.0,,IT
2019-05-31,,103.0,,IT
2019-06-30,,103.1,,IT
2019-07-31,,103.1,,IT
2019-08-31,,103.5,,IT
2019-09-30,,102.9,,IT
2019-10-31,,102.8,,IT
2019-11-30,,102.6,,IT
2019-12-31,,102.8,,IT
2020-01-31,,102.9,,IT
2020-02-29,,102.8,,IT
2020-03-31,,102.9,,IT
2020-04-30,,103.0,,IT
2020-05-31,,102.8,,IT
2020-06-30,,102.9,,IT
2020-07-31,,102.7,,IT
2020-08-31,,103.0,,IT
2020-09-30,,102.3,,IT
2020-10-31,,102.5,,IT
2020-11-30,,102.4,,IT
2020-12-31,,102.6,,IT
2021-01-31,,103.3,,IT
2021-02-28,,103.4,,IT
2021-03-31,,103.7,,IT
2021-04-30,,104.1,,IT
2021-05-31,,104.1,,IT
2021-06-30,,104.2,,IT
2021-07-31,,104.7,,IT
2021-08-31,,105.1,,IT
2021-09-30,,104.9,,IT
2021-10-31,,105.6,,IT
2021-11-30,,106.2,,IT
2021-12-31,,106.6,,IT
2022-01-31,,108.3,,IT
2022-02-28,,109.3,,IT
2022-03-31,,110.4,,IT
2022-04-30,,110.3,,IT
2022-05-31,,111.2,,IT
2022-06-30,,112.5,,IT
2022-07-31,,113.0,,IT
2022-08-31,,113.9,,IT
2022-09-30,,114.2,,IT
2022-10-31,,118.1,,IT
2022-11-30,,118.7,,IT
2022-12-31,,119.0,,IT
2023-01-31,,119.1,,IT
2023-02-28,,119.3,,IT
2023-03-31,,118.8,,IT
2023-04-30,,119.3,,IT
2023-05-31,,119.7,,IT
2023-06-30,,119.7,,IT
2023-07-31,,119.7,,IT
2023-08-31,,120.1,,IT
2023-09-30,,120.3,,IT
2023-10-31,,120.1,,IT
2023-11-30,,119.5,,IT
2023-12-31,,119.7,,IT
2024-01-31,,120.1,,IT
